Accuracy,Precision,Recall,F1-score,Model,fit_time
0.9220619218602245,0.8904068948756452,0.8115838117675469,0.8331054116991288,NeuralNetwork,67.51880383491516
