Model,Accuracy,Precision,Recall,F1-score
Bag-Of-Words,0.8879108921803395,0.8445755239064757,0.7913796295637006,0.7949468291528635
