Model,Accuracy,Precision,Recall,F1-score
FastText,0.9040006406598016,0.8438100595186857,0.8042015131555349,0.8051660190493314
