Model,Accuracy,Precision,Recall,F1-score
GloVe42B,0.8706981716138902,0.8233389311940404,0.7761850452699959,0.7755186024457474
