Model,Accuracy,Precision,Recall,F1-score
GloVe6B,0.8369712563022933,0.7977025617226928,0.7366608623607733,0.7379906916650228
