Model,Accuracy,Precision,Recall,F1-score
TF-iDF,0.8923941225461146,0.850437349089618,0.8014160868791592,0.8034094216555401
