Model,Accuracy,Precision,Recall,F1-score
W2V,0.8598636799677095,0.8147769227535411,0.7610206542702362,0.7608151640651062
